season,total_games,home_short_rest_games_x,away_short_rest_games,home_cover_pct_all,home_short_rest_games_y,home_short_rest_cover_pct,home_short_rest_avg_clv
2023,285,44,45,0.6,44,0.7045454545454546,10.522727272727273
2024,285,43,47,0.5719298245614035,43,0.5813953488372093,2.2093023255813953
2025,285,47,46,0.5473684210526316,47,0.5106382978723404,1.5212765957446808
